{"messages":{"messages":[],"success":null},"results":{"count":180,"items_per_page":null},"index":[{"id":"353","bezirk":"Brandenburg","location":"Am Nauener Tor\n14467 Potsdam","tage":"Mi,Sa","zeiten":"09:00 - 16:00","betreiber":"Marktleitung: \nFrau H\u00fcning, Tel.: 0171\/529 38 13","e_mail":"","www":"","bemerkungen":""},{"id":"355","bezirk":"Brandenburg","location":"Wochenmarkt Potsdam\nBassinplatz","tage":"Mo - Fr\nSa","zeiten":"07:00 - 16:00\n07:00 - 13:00","betreiber":"Stadtverwaltung Marktb\u00fcro\nTel.: 0331\/29 24 11","e_mail":"","www":"","bemerkungen":"01.11. - 31.03.\nSa 07:00 - 12:00"},{"id":"357","bezirk":"Brandenburg","location":"Floh- und Bauernmarkt in Potsdam\nWeberplatz, 14482 Potsdam","tage":"Sa","zeiten":"07:00 - 13:00","betreiber":"Herr Koscholke, \nTel.: 03323\/52 19 83, 0177\/233 28 80, 0172\/298 81 23","e_mail":"","www":"","bemerkungen":"au\u00dfer an gesetzlichen Feiertagen"},{"id":"359","bezirk":"Brandenburg","location":"Gro\u00dfer Familien-Flohmarkt in Klaistow","tage":"30.03.2014\n06.07.2014\n24.08.2014\n09.11.2014","zeiten":"10:00 - 16:00","betreiber":"Buschmann & Winkelmann Spargel- und Erlebnishof Klaistow, Glindower Str. 28, 14547 Klaistow, Tel.: 033206\/610 70","e_mail":"info@buschmann-winkelmann.de","www":"www.buschmann-winkelmann.de","bemerkungen":"Aufbau ab 08:00, verbindliche Anmeldung ab 6 Wochen vorher im Hofb\u00fcro und unter Tel.: 033206\/610 70, je angefangener m\u00b2 Pr\u00e4sentationsfl\u00e4che 2 \u20ac"},{"id":"1","bezirk":"Charlottenburg-Wilmersdorf","location":"Richard-Wagner-Platz","tage":"Mo, Do","zeiten":"08:00 - 13:00","betreiber":"Bezirksamt, Marktverwaltung, Hohenzollerndamm 174-177, 10713 Berlin\nTel.: 9029 - 290 72\/3","e_mail":"","www":"","bemerkungen":""},{"id":"3","bezirk":"Charlottenburg-Wilmersdorf","location":"Klausenerplatz","tage":"Di, Fr","zeiten":"08:00 - 13:00","betreiber":"Bezirksamt, Marktverwaltung, Hohenzollerndamm 174-177, 10713 Berlin\nTel.: 9029 - 290 72\/3","e_mail":"","www":"","bemerkungen":""},{"id":"5","bezirk":"Charlottenburg-Wilmersdorf","location":"Preu\u00dfenallee","tage":"Di, Fr","zeiten":"08:00 - 13:00","betreiber":"Bezirksamt, Marktverwaltung, Hohenzollerndamm 174-177, 10713 Berlin\nTel.: 9029 - 290 72\/3","e_mail":"","www":"","bemerkungen":""},{"id":"7","bezirk":"Charlottenburg-Wilmersdorf","location":"Karl-August-Platz","tage":"Mi, Sa","zeiten":"08:00 - 13:00\n08:00 - 14:00","betreiber":"Bezirksamt, Marktverwaltung, Hohenzollerndamm 174-177, 10713 Berlin\nTel.: 9029 - 290 72\/3","e_mail":"","www":"","bemerkungen":""},{"id":"9","bezirk":"Charlottenburg-Wilmersdorf","location":"Mierendorffplatz","tage":"Mi,  Sa","zeiten":"08:00 - 13:00","betreiber":"Bezirksamt, Marktverwaltung, Hohenzollerndamm 174-177, 10713 Berlin\nTel.: 9029 - 290 72\/3","e_mail":"","www":"","bemerkungen":""},{"id":"11","bezirk":"Charlottenburg-Wilmersdorf","location":"Suarezstra\u00dfe \n(Amtsgericht Charlottenburg)","tage":"Do","zeiten":"09:00 - 15:00","betreiber":"Bezirksamt, Marktverwaltung, Hohenzollerndamm 174-177, 10713 Berlin\nTel.: 9029 - 290 72\/3","e_mail":"","www":"","bemerkungen":""},{"id":"13","bezirk":"Charlottenburg-Wilmersdorf","location":"Charlottenbrunner Stra\u00dfe","tage":"Mo, Do","zeiten":"09:00 - 14:00","betreiber":"Bezirksamt, Marktverwaltung, Hohenzollerndamm 174-177, 10713 Berlin\nTel.: 9029 - 290 72\/3","e_mail":"","www":"","bemerkungen":""},{"id":"15","bezirk":"Charlottenburg-Wilmersdorf","location":"Eberbacher Stra\u00dfe","tage":"Di, Fr","zeiten":"08:00 - 13:00","betreiber":"Bezirksamt, Marktverwaltung, Hohenzollerndamm 174-177, 10713 Berlin\nTel.: 9029 - 290 72\/3","e_mail":"","www":"","bemerkungen":""},{"id":"17","bezirk":"Charlottenburg-Wilmersdorf","location":"Nestorstra\u00dfe","tage":"Di, Fr","zeiten":"08:00 - 13:00","betreiber":"Bezirksamt, Marktverwaltung, Hohenzollerndamm 174-177, 10713 Berlin\nTel.: 9029 - 290 72\/3","e_mail":"","www":"","bemerkungen":""},{"id":"19","bezirk":"Charlottenburg-Wilmersdorf","location":"Hohenzollernplatz","tage":"Mi, Sa","zeiten":"08:00 - 13:00","betreiber":"Bezirksamt, Marktverwaltung, Hohenzollerndamm 174-177, 10713 Berlin\nTel.: 9029 - 290 72\/3","e_mail":"","www":"","bemerkungen":""},{"id":"21","bezirk":"Charlottenburg-Wilmersdorf","location":"Mainzer Stra\u00dfe","tage":"Mo, Do","zeiten":"08:00 - 13:00","betreiber":"Bezirksamt, Marktverwaltung, Hohenzollerndamm 174-177, 10713 Berlin\nTel.: 9029 - 290 72\/3","e_mail":"","www":"","bemerkungen":""},{"id":"23","bezirk":"Charlottenburg-Wilmersdorf","location":"Fehrbelliner Platz","tage":"Di, Do","zeiten":"11:00 - 16:00","betreiber":"Bezirksamt, Marktverwaltung, Hohenzollerndamm 174-177, 10713 Berlin\nTel.: 9029 - 290 72\/3","e_mail":"","www":"","bemerkungen":""},{"id":"25","bezirk":"Charlottenburg-Wilmersdorf","location":"Kolberger Platz","tage":"Mi, Sa","zeiten":"07:00 - 14:00","betreiber":"Marktleitung: \nHerr Schumann\nTel.: 033767\/806 01","e_mail":"","www":"","bemerkungen":""},{"id":"27","bezirk":"Charlottenburg-Wilmersdorf","location":"Bauernmarkt am Lehniner Platz","tage":"Sa","zeiten":"09:00 - 15:00","betreiber":"Marktleitung: \nB-B-M Veranstaltungs GmbH\nTel.: 23 63 63 60","e_mail":"","www":"","bemerkungen":""},{"id":"29","bezirk":"Charlottenburg-Wilmersdorf","location":"Kunst- und Tr\u00f6delmarkt \nStra\u00dfe des 17. Juni","tage":"Sa, So","zeiten":"10:00 - 17:00","betreiber":"Wewerka M\u00e4rkte GmbH, \nTel.: 26 55 00 96","e_mail":"www.berliner-troedelmarkt.de","www":"","bemerkungen":"au\u00dfer Volkstrauertag und Totensonntag, zus\u00e4tzliche Termine: 21.04., 09.06., 03.10., 25.12., 26.12.2014"},{"id":"31","bezirk":"Charlottenburg-Wilmersdorf","location":"Kunst- und Tr\u00f6delmarkt auf dem Fehrbelliner Platz","tage":"Sa, So","zeiten":"09:00 - 16:00","betreiber":"Andr\u00e9 Burdack, Burdack-M\u00e4rkte, M\u00fchlenbecker Str. 8b, 16348 Wandlitz, Tel.: 24 35 85 10 und 0163\/638 88 70, Fax: 24 35 85 11","e_mail":"info@burdack-maerkte.de","www":"www.burdack-maerkte.de","bemerkungen":"au\u00dfer Volkstrauertag und Totensonntag, zus\u00e4tzliche Termine: 21.04., 01.05., 29.05., 09.06., 03.10., 26.12.2014"},{"id":"33","bezirk":"Charlottenburg-Wilmersdorf","location":"Tr\u00f6delmarkt an der Mecklenburgischen Stra\u00dfe, Parkplatz Reemtsma, Mecklenburgische Str. 32","tage":"Sa, So","zeiten":"07:00 - 16:00","betreiber":"Herr Thurmann, Tel.: 03322\/21 08 68, Fax: 03322\/24 67 24","e_mail":"j.thurmann@tts-wc.de","www":"","bemerkungen":""},{"id":"35","bezirk":"Charlottenburg-Wilmersdorf","location":"Stra\u00dfenflohmarkt, Kar\u00e9e Nehringstra\u00dfe - Klausenerplatz - Danckelmannstra\u00dfe - Knobelsdorffstra\u00dfe","tage":"nur 10.05.2014","zeiten":"11:00 - 17:00","betreiber":"Kiezb\u00fcndnis Klausenerplatz e. V., Tel.: 30 82 44 95, Fax: 30 82 44 98","e_mail":"info@klausenerplatz.de","www":"www.klausenerplatz.de","bemerkungen":""},{"id":"37","bezirk":"Charlottenburg-Wilmersdorf","location":"2. Antik- und Kunstmarkt an der Villa Oppenheim, Schlo\u00dfstr. 55, 14059 Berlin","tage":"Termine noch offen","zeiten":"","betreiber":"Herr Hanisch, Tel.:  0177\/856 65 98","e_mail":"","www":"","bemerkungen":""},{"id":"39","bezirk":"Friedrichshain-Kreuzberg","location":"Kino Kosmos, Karl-Marx-Allee 131 a","tage":"Fr","zeiten":"10:00 - 18:00","betreiber":"Marktleitung: \nHerr Frantz, Tel.: 0178\/476 22 42 und 3","e_mail":"","www":"","bemerkungen":""},{"id":"41","bezirk":"Friedrichshain-Kreuzberg","location":"Boxhagener Platz","tage":"Sa","zeiten":"09:00 - 15:30","betreiber":"Marktleitung: \nHerr Frantz, Tel.: 0178\/476 22 42 und 3","e_mail":"","www":"","bemerkungen":""},{"id":"43","bezirk":"Friedrichshain-Kreuzberg","location":"Koppenstra\u00dfe \/ Ecke Karl-Marx-Allee","tage":"Di, \nDo","zeiten":"10:00 - 18:00","betreiber":"Marktleitung: \nHerr Frantz, Tel.: 0178\/476 22 42 und 3","e_mail":"","www":"","bemerkungen":""},{"id":"45","bezirk":"Friedrichshain-Kreuzberg","location":"Am Kaufhof Ostbahnhof\n(Koppenstra\u00dfe)","tage":"Mo - Sa","zeiten":"10:00 - 19:00","betreiber":"Marktleitung: \nRalf K\u00f6nig, Tel.: 0178\/236 83 72","e_mail":"","www":"","bemerkungen":""},{"id":"47","bezirk":"Friedrichshain-Kreuzberg","location":"Sch\u00f6nleinstra\u00dfe am Hohenstaufenplatz","tage":"Di, Sa","zeiten":"11:00 - 19:00\n10:00 - 14:00","betreiber":"Marktleitung: \n\u00d6ko- u. Bauernmarkt, Klaus D\u00f6rr, Lehrter Str. 18, 10557 Berlin\nTel.: 01577\/893 78 84","e_mail":"","www":"","bemerkungen":""},{"id":"49","bezirk":"Friedrichshain-Kreuzberg","location":"\u00d6ko - Markt auf dem Chamissoplatz","tage":"Sa","zeiten":"09:00 - 15:00","betreiber":"Marktleitung: Verbund \u00d6koh\u00f6fe Nordost e. V. Brandenburg - Berlin - Mecklenburg-Vorpommern, Schwaneberg 60 A, 17291 Randowtal, Tel.: 843 00 43","e_mail":"info@oekomarkt-chamissoplatz.de","www":"http:\/\/www.oekomarkt-chamissoplatz.de","bemerkungen":""},{"id":"51","bezirk":"Friedrichshain-Kreuzberg","location":"\u00d6ko - Markt auf dem Lausitzer Platz","tage":"Fr","zeiten":"11:00 - 18:00","betreiber":"Marktleitung: \n\u00d6ko- u. Bauernmarkt, Herr D\u00f6rr, Lehrter Str. 18, 10557 Berlin\nTel.: 01577\/893 78 84","e_mail":"","www":"","bemerkungen":"im Sommer bis 18:30 ge\u00f6ffnet"},{"id":"53","bezirk":"Friedrichshain-Kreuzberg","location":"Mehringplatz u. Friedrichstra\u00dfe","tage":"Mo, Do","zeiten":"10:00 - 18:00","betreiber":"Marktleitung: \nB.Wo.B. Betriebsgesellschaft von Wochenm\u00e4rkten GmbH Berlin, \nHerr Oeser, Tel.: 781 58 44","e_mail":"","www":"","bemerkungen":""},{"id":"55","bezirk":"Friedrichshain-Kreuzberg","location":"Markthalle IX, Eisenbahnstra\u00dfe 42\/43, 10997 Berlin","tage":"Fr, Sa","zeiten":"10:00 - 18:00\n12:00 - 16:00","betreiber":"Betreiber: Markthalle Neun, \nTel.: 577 09 46 61\nFax: 577 09 66 69","e_mail":"info@markthalleneun.de","www":"www.markthalleneun.de","bemerkungen":"werktags Mittagstischangebot 12:00-16:00, Street Food Thursday, Do 17:00-22:00"},{"id":"57","bezirk":"Friedrichshain-Kreuzberg","location":"Wochenmarkt am S\u00fcdstern","tage":"Sa","zeiten":"10:00 - 16:00","betreiber":"diemarktplaner, Tel.: 29 30 96 01, Fax: 29 00 96 23, Mobil: 0163-712 38 64","e_mail":"info@diemarktplaner.de","www":"","bemerkungen":""},{"id":"59","bezirk":"Friedrichshain-Kreuzberg","location":"Gro\u00dfer Antikmarkt am Ostbahnhof","tage":"So","zeiten":"09:00 - 16:00","betreiber":"Oldthing Marktveranstaltung\nTel.: 29 00 20 10","e_mail":"info@oldthing.de","www":"www.oldthing.de","bemerkungen":"im Sommer bis 17:00 ge\u00f6ffnet"},{"id":"61","bezirk":"Friedrichshain-Kreuzberg","location":"Tr\u00f6delmarkt Bergmannstra\u00dfe\nMarheinekeplatz","tage":"Sa, \nSo","zeiten":"10:00 - 16:00","betreiber":"Marktleitung: \nMario Kr\u00fcger, Tel.: 0172\/958 91 57","e_mail":"","www":"","bemerkungen":"im Sommer So bis 17:00\nau\u00dfer Volkstrauer-, Totensonntag"},{"id":"63","bezirk":"Friedrichshain-Kreuzberg","location":"Tr\u00f6delmarkt Boxhagener Platz","tage":"So","zeiten":"10:00 - 18:00","betreiber":"Marktleitung: \nHerr Walk, Tel. 0162\/292 30 66","e_mail":"","www":"","bemerkungen":""},{"id":"65","bezirk":"Friedrichshain-Kreuzberg","location":"raw-flohmarkt","tage":"So","zeiten":"09:00 - 17:00","betreiber":"Rivaler Str. 99\nTel.: 0176\/68 79 22 21","e_mail":"","www":"www.raw-flohmarkt.de","bemerkungen":""},{"id":"67","bezirk":"Friedrichshain-Kreuzberg","location":"Kreuzboerg Flowmarkt\nPrinzessinneng\u00e4rten\/Moritzplatz","tage":"So ca. alle 2 Wochen ab 13.04.2014","zeiten":"10:00 - 18:00","betreiber":"Michael Gro\u00df","e_mail":"info@nowkoelln.de","www":"www.kreuzboerg.de","bemerkungen":"Termine bitte direkt erfragen"},{"id":"69","bezirk":"Friedrichshain-Kreuzberg","location":"Familientr\u00f6del\nRegenbogenhaus, Kadiner Str. 9","tage":"Termine bitte direkt erfragen","zeiten":"","betreiber":"Tel.: 293 47 42 79","e_mail":"","www":"www.regenbogenhaus-berlin.de","bemerkungen":""},{"id":"71","bezirk":"Friedrichshain-Kreuzberg","location":"Familien-Flohmarkt Hohenstaufenplatz","tage":"nur 25.05.2014","zeiten":"10:00 - 17:00","betreiber":"Tel.: 690 49 70","e_mail":"","www":"www.nachbarschaftshaus.de","bemerkungen":""},{"id":"73","bezirk":"Friedrichshain-Kreuzberg","location":"Sperrgutmarkt am S\u00fcdstern","tage":"nur 24.05.2014","zeiten":"11:00 - 18:00","betreiber":"Tel.: 690 49 70","e_mail":"","www":"www.nachbarschaftshaus.de","bemerkungen":""},{"id":"75","bezirk":"Lichtenberg","location":"Anton-Saefkow-Platz","tage":"Di - Do","zeiten":"10:00 - 18:00","betreiber":"Marktleitung: \nMichael und Jens R\u00fcckert GbR, Triftstr. 76, 13129 Berlin, Tel.: 0171\/311 28 59","e_mail":"","www":"","bemerkungen":""},{"id":"77","bezirk":"Lichtenberg","location":"B\u00e4renschaufenster \/ Am Tierpark\n(\u00f6ffentl. Stra\u00dfenland)","tage":"Mo, \nDo, \nFr","zeiten":"08:00 - 17:00","betreiber":"Marktleitung: \nGakenholz und Gellesch GmbH\nTel.: 396 11 96, 0171\/602 42 04, 0171\/607 53 61","e_mail":"Bgellesch@aol.com","www":"","bemerkungen":""},{"id":"79","bezirk":"Lichtenberg","location":"B\u00e4renschaufenster \/ Am Tierpark\n(Privatfl\u00e4che)","tage":"Mo, \nDo, \nFr","zeiten":"08:00 - 18:00","betreiber":"Marktleitung: \nErika Rose\nTel.: 51 09 95 09, 0172\/397 26 25","e_mail":"","www":"","bemerkungen":""},{"id":"81","bezirk":"Lichtenberg","location":"Herzbergstra\u00dfe \/ Wei\u00dfenseer Weg\n(Roedernplatz)","tage":"Di, \nFr","zeiten":"08:00 - 17:00","betreiber":"Marktleitung: \nGakenholz und Gellesch GmbH\nTel.: 396 11 96, 0171\/602 42 04, 0171\/607 53 61","e_mail":"Bgellesch@aol.com","www":"","bemerkungen":""},{"id":"83","bezirk":"Lichtenberg","location":"Frankfurter Allee 172","tage":"Mi","zeiten":"09:00 - 16:00","betreiber":"Marktleitung: \nGakenholz und Gellesch GmbH\nTel.: 396 11 96, 0171\/602 42 04, 0171\/607 53 61","e_mail":"Bge","www":"","bemerkungen":"Auf dem Gel\u00e4nde der HoWoGe"},{"id":"85","bezirk":"Lichtenberg","location":"Karlshorst \/ Ehrenfelsstra\u00dfe","tage":"Di, \nFr","zeiten":"09:00 - 17:00","betreiber":"Marktleitung: \nGakenholz und Gellesch GmbH\nTel.: 396 11 96, 0171\/602 42 04, 0171\/607 53 61","e_mail":"Bgellesch@aol.com","www":"","bemerkungen":""},{"id":"87","bezirk":"Lichtenberg","location":"Friedrichsfelde Ost \/ Seddiner Stra\u00dfe","tage":"Mo - Fr","zeiten":"08:00 - 18:00","betreiber":"Marktleitung: \nHerr A. K\u00fchl\nTel.: 52 69 87 02, 0172\/308 80 71","e_mail":"gebrueder.kuehl.gmbh@arcor.de","www":"","bemerkungen":""},{"id":"89","bezirk":"Lichtenberg","location":"Zingster Stra\u00dfe\n(zwischen Ribnitzer- und Dierhagener Stra\u00dfe)","tage":"Sa","zeiten":"08:00 - 13:00","betreiber":"Marktleitung: \nMarkt Service GbR M\u00fcller und Sch\u00f6ll,\nTel.: 0171\/710 16 62 (Hr. M\u00fcller),\n0172\/301 88 73 (Hr. Sch\u00f6ll)","e_mail":"","www":"","bemerkungen":""},{"id":"91","bezirk":"Lichtenberg","location":"Am Storchenhof\nHauptstra\u00dfe","tage":"Di, Do\n\n\nSa","zeiten":"09:00 - 17:00\n09:00 - 14:00","betreiber":"Marktleitung: \nErika Rose\nTel.: 51 09 95 09, 0172\/397 26 25","e_mail":"","www":"","bemerkungen":""},{"id":"93","bezirk":"Lichtenberg","location":"Am Storchenhof, Hauptstr. 8 (Freifl\u00e4che)","tage":"Di - Do","zeiten":"09:00 - 17:00","betreiber":"Marktleitung: Herr Hirche\nTel.: 033439\/779 79 und 0172\/309 49 77\nFax: 033439\/779 80","e_mail":"","www":"","bemerkungen":""},{"id":"95","bezirk":"Lichtenberg","location":"Antik-, Tr\u00f6del-, Sammler-, Kunsthandwerkmarkt, Landsberger Allee\/Schalkauer Stra\u00dfe, 13055 Berlin (gg\u00fcb. Ikea)","tage":"Sa, So","zeiten":"09:00 - 15:00","betreiber":"Marktleitung: W. Partecke, Tel.: 26 07 93 86, 01520\/180 70 82 und 0157\/74 98 17 42","e_mail":"","www":"","bemerkungen":""},{"id":"97","bezirk":"Lichtenberg","location":"Prerower Platz hinter dem Lindencenter, Berlin-Hohensch\u00f6nhausen","tage":"Mi","zeiten":"09:00 - 17:00","betreiber":"Marktleitung: Markt-Veranstaltungen Ina H\u00f6lzel\nTel.: 0175\/276 43 57","e_mail":"markt-veranstaltungen@web.de","www":"www.markt-veranstaltungen.de","bemerkungen":""},{"id":"99","bezirk":"Marzahn - Hellersdorf","location":"H\u00f6nower Stra\u00dfe 76-80","tage":"Mo - Sa","zeiten":"08:00 - 18:00","betreiber":"Marktleitung: \nHans Gr\u00fctzner\nTel.:  56 69 79 37","e_mail":"","www":"","bemerkungen":""},{"id":"101","bezirk":"Marzahn - Hellersdorf","location":"Wochenmarkt Helle Mitte\nPeter-Weiss-Gasse","tage":"Mi,Fr","zeiten":"09:00 - 18:00","betreiber":"Marktleitung: \nThomas Lorenz\nTel.: 0177\/270 18 71","e_mail":"doreenLorenz@vodafone.de","www":"","bemerkungen":""},{"id":"103","bezirk":"Marzahn - Hellersdorf","location":"Wochenmarkt Mahlsdorf\nRoedernstra\u00dfe \/ Hultschiner Damm","tage":"Do","zeiten":"09:00 - 18:00","betreiber":"Marktleitung: \nThomas Lorenz\nTel.: 0177\/270 18 71","e_mail":"doreenLorenz@vodafone.de","www":"","bemerkungen":""},{"id":"105","bezirk":"Marzahn - Hellersdorf","location":"Helene-Weigel-Platz","tage":"Mo - Sa","zeiten":"09:00 - 17:00","betreiber":"Marktleitung: \nMarkt-Veranstaltungen Ina H\u00f6lzel\nTel.: 0177\/276 43 57","e_mail":"markt-veranstaltungen@web.de","www":"www.markt-veranstaltungen.de","bemerkungen":"Samstag nur bis 13:00"},{"id":"107","bezirk":"Marzahn - Hellersdorf","location":"Wochenmarkt Marzahner Promenade\nMarzahner Promenade 30-33","tage":"Mo,Mi,Fr","zeiten":"09:00 - 17:00","betreiber":"Marktleitung: \nMarkt-Veranstaltungen Ina H\u00f6lzel\nTel.: 0177\/276 43 57","e_mail":"markt-veranstaltungen@web.de","www":"www.markt-veranstaltungen.de","bemerkungen":""},{"id":"109","bezirk":"Marzahn - Hellersdorf","location":"Wochenmarkt \u201eCecilienplatz\u201c\nErnst-Bloch-Stra\u00dfe","tage":"Mo,Mi,Fr","zeiten":"09:00 - 18:00","betreiber":"Marktleitung: \nErika Rose\nTel.: 603 46 08, 0172\/397 26 25","e_mail":"","www":"","bemerkungen":""},{"id":"111","bezirk":"Marzahn - Hellersdorf","location":"Wochenmarkt Barnimplatz","tage":"Di","zeiten":"08:00 - 16:00","betreiber":"Marktleitung: \nVeranstaltungsservice Hans-J\u00fcrgen M\u00fcller\nTel.: 0171\/710 16 62","e_mail":"","www":"","bemerkungen":""},{"id":"113","bezirk":"Marzahn - Hellersdorf","location":"Wochenmarkt am Biesdorf-Center\nWei\u00dfenh\u00f6her Stra\u00dfe 88-108","tage":"Di, Do","zeiten":"09:00 - 17:00","betreiber":"Marktleitung: \nMarkt-Veranstaltungen Ina H\u00f6lzel\nTel.: 0177\/276 43 57","e_mail":"markt-veranstaltungen@web.de","www":"www.markt-veranstaltungen.de","bemerkungen":""},{"id":"115","bezirk":"Marzahn - Hellersdorf","location":"Antik- und Tr\u00f6delmarkt am Biesdorf-Center\nWei\u00dfenh\u00f6her Stra\u00dfe 88-108","tage":"sonntags\nn\u00e4here Infos unter:\nwww.troedelfreunde.de","zeiten":"08:30 - 15:00\nAufbau ab 06:30","betreiber":"Ansprechpartner: \nHerr Wulfes\nTel.: 363 30 10, Fax: 36 43 87 96","e_mail":"wulfes@troedelfreunde.de","www":"www.troedelfreunde.de","bemerkungen":"16.03., 30.03., 13.04., 27.04., 04.05., 18.05., 01.06., 15.06., 29.06., 06.07., 20.07., 03.08., 17.08., 14.09., 28.09., 05.10., 19.10., 26.10., 09.11., 15.11., 22.11., 30.11., 14.12.2014"},{"id":"117","bezirk":"Marzahn - Hellersdorf","location":"Kosmonauten Markt - Der Flohmarkt in Berlin, Beilsteiner Str. 51, 12681 Berlin","tage":"Sa","zeiten":"12:00 - 18:00","betreiber":"Marktleitung: Ramon Remus, Infotelefon: 0162\/494 28 51","e_mail":"info@kosmonautenmarkt.de","www":"www.kosmonautenmarkt.de","bemerkungen":""},{"id":"119","bezirk":"Mitte","location":"Wochenmarkt am Arkonaplatz","tage":"Fr","zeiten":"12:00 - 19:00","betreiber":"Marktverwaltung \nRainer Perske\nTel.: 29 77 24 86, \nFax: 29 77 25 91","e_mail":"info@mv-perske.de","www":"www.mv-perske.de","bemerkungen":""},{"id":"121","bezirk":"Mitte","location":"Schilling- \/ Singerstra\u00dfe","tage":"Di,Do,Fr","zeiten":"09:00 - 17:00","betreiber":"Marktleitung: \nMarkt Service GbR M\u00fcller und Sch\u00f6ll\nTel.: 0171\/710 16 62 (Hr. M\u00fcller)\n0172\/301 88 73 (Hr. Sch\u00f6ll)","e_mail":"","www":"","bemerkungen":""},{"id":"123","bezirk":"Mitte","location":"Markt am Hausvogteiplatz","tage":"Mi,Fr","zeiten":"09:00 - 16:00","betreiber":"Marktleitung: B-B-M Veranstaltungs GmbH, \nFrau Bolatzky-Budde, Tel.: 23 63 63 60, Fax: 23 63 63 61","e_mail":"","www":"","bemerkungen":""},{"id":"125","bezirk":"Mitte","location":"Wochenmarkt am Rathaus Wedding\nGenter - \/ Ostender Stra\u00dfe","tage":"Mi,Sa","zeiten":"07:00 - 16:00","betreiber":"Marktleitung: \nGakenholz und Gellesch GmbH\nTel.: 396 11 96, 0171\/602 42 04, 0171\/607 53 61","e_mail":"bgellesch@aol.com","www":"","bemerkungen":""},{"id":"127","bezirk":"Mitte","location":"Leopoldplatz","tage":"Di, Do, Fr","zeiten":"10:00 - 17:00","betreiber":"Marktleitung: B-B-M Veranstaltungs GmbH, \nFrau Bolatzky-Budde, Tel.: 23 63 63 60, Fax: 23 63 63 61","e_mail":"","www":"","bemerkungen":""},{"id":"129","bezirk":"Mitte","location":"Wochenmarkt Iranische -\/ Reinickendorfer Stra\u00dfe","tage":"Di,Fr","zeiten":"08:00 - 13:00","betreiber":"Marktleitung: \nFa. Regina Winkel, Tel.: 463 17 07","e_mail":"","www":"","bemerkungen":""},{"id":"131","bezirk":"Mitte","location":"Wochenmarkt Ackerstra\u00dfe","tage":"Do","zeiten":"11:00 - 18:00","betreiber":"Marktleitung: \nFa. Regina Winkel, Tel.: 463 17 07","e_mail":"","www":"","bemerkungen":""},{"id":"133","bezirk":"Mitte","location":"Wochenmarkt Nettelbeckplatz","tage":"Di,Fr","zeiten":"11:00 - 18:00","betreiber":"Marktleitung: \nFa. Regina Winkel, Tel.: 463 17 07","e_mail":"","www":"","bemerkungen":""},{"id":"135","bezirk":"Mitte","location":"Jagowstra\u00dfe zw. \nLevetzow- und Agricolastra\u00dfe","tage":"Mi,Sa","zeiten":"08:00 - 13:00","betreiber":"Marktleitung: \nAxel Koeppen, Tel.: 0172\/876 85 52","e_mail":"","www":"","bemerkungen":""},{"id":"137","bezirk":"Mitte","location":"Wochenmarkt am Hackeschen Markt","tage":"Do","zeiten":"09:00 - 18:00","betreiber":"Marktleitung: \nHerr Strube, Tel.: 0172\/327 82 38","e_mail":"","www":"","bemerkungen":""},{"id":"139","bezirk":"Mitte","location":"Wochenmarkt am Hackeschen Markt","tage":"Sa","zeiten":"10:00 - 18:00","betreiber":"Marktleitung: \nGKN Frau Kolbe, Tel.: 20 45 00 56\nMarktmeister: 0178\/447 07 95","e_mail":"","www":"","bemerkungen":""},{"id":"141","bezirk":"Mitte","location":"Bauernmarkt am Zionskirchplatz","tage":"Do\nSo","zeiten":"11:00 - 18:30\n11:00 - 19:00","betreiber":"Marktleitung: \n\u00d6ko- u. Bauernmarkt, Klaus D\u00f6rr, Lehrter Str. 18, 10557 Berlin\nTel.: 01577\/893 78 84","e_mail":"","www":"","bemerkungen":""},{"id":"143","bezirk":"Mitte","location":"\u00d6ko-Markt Moabit\nThusneldaallee 1","tage":"Mi","zeiten":"12:00 - 18:00","betreiber":"Andr\u00e9 Burdack, Burdack-M\u00e4rkte, M\u00fchlenbecker Str. 8b, 16348 Wandlitz, Tel.: 24 35 85 10 und 0163\/638 88 70, Fax: 24 35 85 11","e_mail":"info@burdack-maerkte.de","www":"www.burdack-maerkte.de","bemerkungen":""},{"id":"145","bezirk":"Mitte","location":"\u00d6komarkt im Hansaviertel","tage":"Fr","zeiten":"12:00 - 18:30","betreiber":"Ansprechpartnerin: Brigitta Voigt, \nTel.: 39 73 17 60, 0170\/483 20 58","e_mail":"","www":"","bemerkungen":"Parkplatz vor der St.-Ansgar-Kirche, Altonaer Stra\u00dfe"},{"id":"147","bezirk":"Mitte","location":"Gro\u00dfer Tr\u00f6delmarkt am Arkonaplatz","tage":"So","zeiten":"10:00 - 17:00","betreiber":"Herr M\u00fcller und Herr van Loh\nTel.: 0171\/710 16 62","e_mail":"","www":"","bemerkungen":""},{"id":"149","bezirk":"Mitte","location":"Antik- und Buchmarkt am Bodemuseum\nAm Kupfergraben\/ Museumsinsel","tage":"Sa,So, gesetzliche Feiertage","zeiten":"11:00 - 17:00","betreiber":"Marktleitung: \nMarkt Service GbR M\u00fcller und Sch\u00f6ll\nTel.: 0171\/710 16 62 (Hr. M\u00fcller)\n0172\/301 88 73 (Hr. Sch\u00f6ll)","e_mail":"","www":"","bemerkungen":""},{"id":"151","bezirk":"Mitte","location":"Tr\u00f6delmarkt auf dem Leopoldplatz","tage":"Sa","zeiten":"09:00 - 15:00","betreiber":"Marktleitung: B-B-M Veranstaltungs GmbH, \nFrau Bolatzky-Budde, Tel.: 23 63 63 60, Fax: 23 63 63 61","e_mail":"","www":"","bemerkungen":""},{"id":"153","bezirk":"Mitte","location":"Flohmarkt am Mauerpark\nBernauer Stra\u00dfe 63-64","tage":"So","zeiten":"08:00 - 18:00","betreiber":"Tel.: 0176\/29 25 00 21","e_mail":"info@mauerpark.de","www":"www.mauerparkmarkt.de","bemerkungen":""},{"id":"155","bezirk":"Mitte","location":"Kunstmarkt am Zeughaus","tage":"Sa,So, gesetzliche Feiertage","zeiten":"11:00 - 17:00","betreiber":"Herr Sch\u00f6ll, Tel.: 0172\/301 88 73","e_mail":"","www":"","bemerkungen":""},{"id":"157","bezirk":"Neuk\u00f6lln","location":"Maybachufer","tage":"Di,Fr","zeiten":"11:00 - 18:30","betreiber":"Marktverwaltung Rainer Perske\nTel.: 29 77 24 86, Fax: 29 77 25 91","e_mail":"info@mv-perske.de","www":"www.mv-perske.de","bemerkungen":""},{"id":"159","bezirk":"Neuk\u00f6lln","location":"Karl-Marx-Platz","tage":"Mi, Sa","zeiten":"08:00 - 15:00\n11:00 - 18:00","betreiber":"Marktverwaltung Rainer Perske\nTel.: 29 77 24 86, Fax: 29 77 25 91","e_mail":"info@mv-perske.de","www":"www.mv-perske.de","bemerkungen":""},{"id":"161","bezirk":"Neuk\u00f6lln","location":"Britz-S\u00fcd Gutschmidtstra\u00dfe","tage":"Mo,Do,Sa","zeiten":"08:00 - 13:00","betreiber":"Marktleitung: \nMarktverwaltung Rainer Perske\nTel.: 29 77 24 86, Fax: 29 77 25 91","e_mail":"info@mv-perske.de","www":"www.mv-perske.de","bemerkungen":""},{"id":"163","bezirk":"Neuk\u00f6lln","location":"Parchimer Allee","tage":"Di,Fr","zeiten":"08:00 - 13:00","betreiber":"Marktverwaltung Rainer Perske\nTel.: 29 77 24 86, Fax: 29 77 25 91","e_mail":"info@mv-perske.de","www":"www.mv-perske.de","bemerkungen":""},{"id":"165","bezirk":"Neuk\u00f6lln","location":"Rudow Prierosser Stra\u00dfe","tage":"Mi,Sa","zeiten":"08:00 - 13:00","betreiber":"Marktverwaltung Rainer Perske\nTel.: 29 77 24 86, Fax: 29 77 25 91","e_mail":"info@mv-perske.de","www":"www.mv-perske.de","bemerkungen":""},{"id":"167","bezirk":"Neuk\u00f6lln","location":"Rotraut-Richter-Platz\/ Wutzkyallee","tage":"Mi, Sa","zeiten":"08:00 - 16:00\n08:00 - 13:00","betreiber":"Marktverwaltung Rainer Perske\nTel.: 29 77 24 86, Fax: 29 77 25 91","e_mail":"info@mv-perske.de","www":"www.mv-perske.de","bemerkungen":""},{"id":"169","bezirk":"Neuk\u00f6lln","location":"Hermannplatz","tage":"Mo - Fr","zeiten":"10:00 - 18:00","betreiber":"Marktverwaltung Rainer Perske\nTel.: 29 77 24 86, Fax: 29 77 25 91","e_mail":"info@mv-perske.de","www":"www.mv-perske.de","bemerkungen":""},{"id":"171","bezirk":"Neuk\u00f6lln","location":"Schillermarkt am Herrfurthplatz","tage":"Sa","zeiten":"10:00 - 16:00","betreiber":"Marktverwaltung Rainer Perske\nTel.: 29 77 24 86, Fax: 29 77 25 91","e_mail":"info@mv-perske.de","www":"www.mv-perske.de","bemerkungen":""},{"id":"173","bezirk":"Neuk\u00f6lln","location":"Neuk\u00f6llner Stoff am Maybachufer","tage":"Sa","zeiten":"11:00 - 17:00","betreiber":"Marktverwaltung Rainer Perske\nTel.: 29 77 24 86, Fax: 29 77 25 91","e_mail":"info@mv-perske.de","www":"www.mv-perske.de","bemerkungen":""},{"id":"175","bezirk":"Neuk\u00f6lln","location":"Lipschitzplatz","tage":"Mo,Mi,Fr","zeiten":"10:00 - 18:00","betreiber":"Marktbetreiber: Forum Berolinum Limited\nHerr Beetz, Tel.: 0173\/621 09 00","e_mail":"forumberolinum@gmx.net","www":"","bemerkungen":""},{"id":"177","bezirk":"Neuk\u00f6lln","location":"Tr\u00f6delmarkt\nLipschitzplatz","tage":"So ab 06.04.2014","zeiten":"07:00 - 14:00","betreiber":"Marktbetreiber: Forum Berolinum Limited\nHerr Beetz, Tel.: 0173\/621 09 00","e_mail":"forumberolinum@gmx.net","www":"","bemerkungen":""},{"id":"179","bezirk":"Neuk\u00f6lln","location":"Nowkoelln Flowmarkt\nMaybachufer\/Liberdastra\u00dfe","tage":"sonntags\nn\u00e4here Infos unter:\nwww.nowkoelln.de","zeiten":"10:00 - 18:00","betreiber":"Michael Gro\u00df","e_mail":"info@nowkoelln.de","www":"www.nowkoelln.de","bemerkungen":"23.03., 06.04., 20.04., 04.05., 18.05., 01.06., 15.06., 29.06., 13.07., 27.07., 10.08., 24.08., 07.09., 21.09., 05.10., 19.10., 02.11., 30.11.2014"},{"id":"181","bezirk":"Pankow","location":"Breite Stra\u00dfe\nMittelpromenade","tage":"Di, Mi, Fr","zeiten":"08:00 - 14:00\n09:00 - 17:00\n08:00 - 16:00","betreiber":"Marktleitung: \nHerr Strube, Tel.: 0172\/327 82 38","e_mail":"","www":"","bemerkungen":""},{"id":"183","bezirk":"Pankow","location":"Markt am Hugenottenplatz\nBuchholz","tage":"Sa","zeiten":"09:00 - 13:00","betreiber":"Marktleitung: \nHerr Strube, Tel.: 0172\/327 82 38","e_mail":"","www":"","bemerkungen":""},{"id":"185","bezirk":"Pankow","location":"Hauptstra\u00dfe \/ Goethestra\u00dfe\nWilhelmsruh","tage":"Mi,Fr","zeiten":"08:00 - 14:00","betreiber":"Marktleitung: \nHerr L\u00fcbke, Tel.: 0152\/28 40 41 51","e_mail":"","www":"","bemerkungen":""},{"id":"187","bezirk":"Pankow","location":"Seelower Stra\u00dfe","tage":"Sa","zeiten":"10:00 - 16:00","betreiber":"Marktleitung: B-B-M Veranstaltungs GmbH\nFrau Bolatzky-Budde, Tel.: 23 63 63 60, Fax: 23 63 63 61","e_mail":"","www":"","bemerkungen":""},{"id":"189","bezirk":"Pankow","location":"Greifswalder - \/ Thomas-Mann-Stra\u00dfe","tage":"Di,Do\nSa","zeiten":"10:00 - 18:00\n08:00 - 15:00","betreiber":"Marktleitung: \nForum Berolinum Limited\nHerr Beetz, Tel.: 0173\/621 09 00","e_mail":"","www":"","bemerkungen":""},{"id":"191","bezirk":"Pankow","location":"Neuer Markt am Kollwitzplatz","tage":"Sa","zeiten":"09:00 - 16:00","betreiber":"Marktleitung: \nHerr Strube, Tel.: 0172\/327 82 38","e_mail":"","www":"","bemerkungen":""},{"id":"193","bezirk":"Pankow","location":"\u00d6ko - Markt Prenzlauer Berg\nAm Kollwitzplatz auf der W\u00f6rther Stra\u00dfe","tage":"Do","zeiten":"12:00 - 19:00","betreiber":"Veranstalter\/Marktleitung: \nGr\u00fcne Liga Berlin e.V.\nTel.: 44 33 91 48","e_mail":"oekomarkt.kollwitzplatz@grueneliga.de","www":"www.grueneliga-berlin.de","bemerkungen":"Januar - M\u00e4rz bis 18:00"},{"id":"195","bezirk":"Pankow","location":"Markt am Stierbrunnen (Pasteurstra\u00dfe)","tage":"Sa","zeiten":"09:00 - 15:00","betreiber":"Marktleitung: Werner & M\u00fcller\nMario M\u00fcller, Tel.: 285 97 85","e_mail":"","www":"","bemerkungen":""},{"id":"197","bezirk":"Pankow","location":"Markt am Helmholtzplatz","tage":"Sa","zeiten":"09:00 - 16:00","betreiber":"Marktleitung: \nHerr Strube, Tel.: 0172\/327 82 38","e_mail":"","www":"","bemerkungen":""},{"id":"199","bezirk":"Pankow","location":"2. Nachtflohmarkt im Nachbarschaftshaus am Teutoburger Platz, Fehrbelliner Str. 92, 10119 Berlin","tage":"nur 28.03.2014","zeiten":"19:00 - 23:00","betreiber":"Stadtteilzentrum am Teutoburger Platz, Tel.: 443 71 78","e_mail":"","www":"","bemerkungen":"Standvergabe nur mit vorheriger Anmeldung, Standgeb\u00fchr 10 \u20ac"},{"id":"201","bezirk":"Pankow","location":"Flohmarkt Hanns-Eisler-Str. 93 \/ Kniprodestra\u00dfe\nKaufhalle der Wohnanlage","tage":"Mi - So","zeiten":"12:00 - 18:00","betreiber":"KDW-Berlin.com\nTel.: 25 04 68 00, 0178\/170 38 40","e_mail":"mail@kdw-berlin.com","www":"www.kdw-berlin.com","bemerkungen":"in den Wintermonaten Mi bis Sa\nan gesetzlichen Feiertagen geschlossen"},{"id":"203","bezirk":"Pankow","location":"Bucher Chaussee \/ Achillesstra\u00dfe","tage":"Do\nSa","zeiten":"09:00 - 16:30\n08:00 - 13:30","betreiber":"Betreiber: Herr Schultz\nTel.: 0172\/380 06 87","e_mail":"","www":"","bemerkungen":""},{"id":"205","bezirk":"Pankow","location":"Antonplatz","tage":"Di,Fr","zeiten":"09:00 - 18:00","betreiber":"Marktleitung: Marktverwaltung Rainer Perske\nTel.: 29 77 24 86, Fax: 29 77 25 91","e_mail":"info@mv-perske.de","www":"www.mv-perske.de","bemerkungen":""},{"id":"207","bezirk":"Pankow","location":"Tr\u00f6delmarkt Kopenhagener Stra\u00dfe","tage":"Sa","zeiten":"07:00 - 14:00","betreiber":"Inhaber: Frank Paul, Tel.: 336 32 30","e_mail":"","www":"","bemerkungen":""},{"id":"209","bezirk":"Reinickendorf","location":"Burgfrauenstra\u00dfe","tage":"Do - Sa","zeiten":"08:00 - 13:00","betreiber":"Marktleitung: Herr Hengstmann\nTel.: 824 62 84, 0172\/381 07 84","e_mail":"","www":"","bemerkungen":""},{"id":"211","bezirk":"Reinickendorf","location":"Wilhelmsruher Damm \/ Senftenberger Ring","tage":"Do,Sa","zeiten":"08:00 - 14:00","betreiber":"Marktleitung: Herr Szlapka\nTel.: 375 32 64, 0172\/317 32 34","e_mail":"","www":"","bemerkungen":""},{"id":"213","bezirk":"Reinickendorf","location":"Fellbacher Platz","tage":"Mi,Sa","zeiten":"08:00 - 13:00","betreiber":"Marktleitung: Angela Reese-J\u00f6rk\nTel.: 0163\/194 43 81","e_mail":"","www":"","bemerkungen":""},{"id":"215","bezirk":"Reinickendorf","location":"Tr\u00f6delmarkt Wilhelmsruher Damm 231-245","tage":"So","zeiten":"08:00 - 16:00","betreiber":"Frank Laskowski, Tel.: 45 80 10 34, 0174 201 75 02","e_mail":"","www":"","bemerkungen":""},{"id":"217","bezirk":"Reinickendorf","location":"Tr\u00f6delmarkt Markstr. 32","tage":"So","zeiten":"06:00 - 15:30","betreiber":"Herr Yesildag, Tel.: 38 30 70 44","e_mail":"","www":"","bemerkungen":"Reichelt Parkplatz"},{"id":"219","bezirk":"Reinickendorf","location":"Tr\u00f6delmarkt Ollenhauer Stra\u00dfe 107","tage":"So","zeiten":"06:00 - 14:00","betreiber":"","e_mail":"","www":"","bemerkungen":"Reichelt Parkplatz\nab M\u00e4rz\/April"},{"id":"221","bezirk":"Reinickendorf","location":"Tr\u00f6delmarkt Buddestra\u00dfe 2","tage":"So","zeiten":"07:00 - 15:00","betreiber":"Lothar Sadowsky, Tel.: 0179\/653 33 71","e_mail":"","www":"","bemerkungen":""},{"id":"223","bezirk":"Reinickendorf","location":"Tr\u00f6delmarkt Marktstra\u00dfe 39-40","tage":"So","zeiten":"07:00 - 16:00","betreiber":"Herr Saglam, Tel.: 0163\/208 25 68","e_mail":"","www":"","bemerkungen":"Lidl-Parkplatz"},{"id":"225","bezirk":"Reinickendorf","location":"Tr\u00f6delmarkt Schuhcenter Siemes, Parkplatz Markstr. 17 - 18","tage":"So ab 20.04.2014","zeiten":"07:00 - 15:30","betreiber":"H\u00f6fges Veranstaltungspool GmbH, Krefeld\nTel.: 02151\/659 17 17, Fax 02151\/659 17 18","e_mail":"","www":"","bemerkungen":"au\u00dfer 16.11., 23.11.2014,"},{"id":"227","bezirk":"Reinickendorf","location":"Kindertr\u00f6del Zeltinger Platz","tage":"nur 29.06. und 21.09.2014","zeiten":"09:00 - 14:00","betreiber":"Interessengemeinschaft Frohnauer Gesch\u00e4fte - IFG","e_mail":"","www":"www.frohnau-berlin.de","bemerkungen":"Standvergabe ab 07:00, Voranmeldungen nicht m\u00f6glich"},{"id":"229","bezirk":"Spandau","location":"Rathausvorplatz","tage":"Mi, Sa","zeiten":"08:00 - 18:00\n08:00 - 16:00","betreiber":"Bezirksamt Spandau von Berlin\nOrdnungsamt, \nTel.: 90279-22 78, 01520\/919 00 05\nFax 90279-30 96\nHerr Hegert, Tel.: 01520\/919 00 08","e_mail":"","www":"","bemerkungen":"nicht w\u00e4hrend des Altstadtfestes und Weihnachtsmarktes\n\nEs werden dringend H\u00e4ndler gesucht f\u00fcr den Verkauf von K\u00e4se, Blumen und Gefl\u00fcgel."},{"id":"231","bezirk":"Spandau","location":"F\u00f6lderichplatz","tage":"Di,Fr","zeiten":"08:00 - 13:00","betreiber":"Bezirksamt Spandau von Berlin\nOrdnungsamt, \nTel.: 90279-22 78, 01520\/919 00 05\nFax 90279-30 96\nHerr Hegert, Tel.: 01520\/919 00 08","e_mail":"","www":"","bemerkungen":""},{"id":"233","bezirk":"Spandau","location":"Haselhorst, Burscheider Weg","tage":"Fr","zeiten":"08:00 - 13:00","betreiber":"Bezirksamt Spandau von Berlin\nOrdnungsamt, \nTel.: 90279-22 78, 01520\/919 00 05\nFax 90279-30 96","e_mail":"","www":"","bemerkungen":""},{"id":"235","bezirk":"Spandau","location":"Hakenfelde, Michelstadter Weg","tage":"Mo,Do","zeiten":"08:00 - 13:00","betreiber":"Bezirksamt Spandau von Berlin\nOrdnungsamt, \nTel.: 90279-22 78, 01520\/919 00 05\nFax 90279-30 96","e_mail":"","www":"","bemerkungen":""},{"id":"237","bezirk":"Spandau","location":"Wilhelmstadt, Br\u00fcderstra\u00dfe","tage":"Sa","zeiten":"08:00 - 13:00","betreiber":"Bezirksamt Spandau von Berlin\nOrdnungsamt, \nTel.: 90279-22 78, 01520\/919 00 05\nFax 90279-30 96","e_mail":"","www":"","bemerkungen":""},{"id":"239","bezirk":"Spandau","location":"Altstadt Spandau - Markt\nHavell\u00e4ndischer Land- und Bauernmarkt","tage":"Mo, Di, Do, Fr","zeiten":"ab 09:00","betreiber":"Marktleitung: Vereinigung Wirtschaftshof Spandau e.V., Breite Str. 37, 13597 Berlin\nTel.: 333 65 91, Fax: 35 30 23 32","e_mail":"","www":"www.wirtschaftshof-spandau.de","bemerkungen":"ab 10.03.2014"},{"id":"241","bezirk":"Spandau","location":"Einkaufscenter Staaken \/ Obstallee","tage":"Di,Fr","zeiten":"09:00 - 15:00","betreiber":"Marktleitung: Michael E\u00dfing, Tel.: 0173\/811 27 86","e_mail":"","www":"","bemerkungen":""},{"id":"243","bezirk":"Spandau","location":"Flohmarkt Falkenseer Chaussee\/Siegener Stra\u00dfe","tage":"So","zeiten":"07:00 - 15:30","betreiber":"Herr Yesildag, Tel.: 38 30 70 44 ","e_mail":"","www":"","bemerkungen":"Reichelt Parkplatz"},{"id":"245","bezirk":"Spandau","location":"Tr\u00f6delmarkt METRO Spandau, Nonnendammallee 135","tage":"So","zeiten":"07:00 - 15:30","betreiber":"H\u00f6fges Veranstaltungspool GmbH, Krefeld\nTel.: 02151\/659 17 17, Fax 02151\/659 17 18","e_mail":"","www":"","bemerkungen":"Metroparkplatz\nau\u00dfer 16. und 23.11.2014"},{"id":"247","bezirk":"Spandau","location":"Tr\u00f6delmarkt Wilhelmstr. 8","tage":"So","zeiten":"07:00 - 15:00","betreiber":"Herr Yesildag, Tel.: 38 30 70 44 ","e_mail":"","www":"","bemerkungen":"Obi-Baumarkt"},{"id":"249","bezirk":"Spandau","location":"Tr\u00f6delmarkt Siemensstadt, Parkplatz OBI Nonnendammallee 121","tage":"So ab 20.04.2014","zeiten":"07:00 - 15:30","betreiber":"H\u00f6fges Veranstaltungspool GmbH, Krefeld\nTel.: 02151\/659 17 17, Fax 02151\/659 17 18","e_mail":"","www":"","bemerkungen":"au\u00dfer 04.05., 01.06., 07.09., 05.10., 09.11., 16.11., 23.11., 07.12., 21.12.2014"},{"id":"251","bezirk":"Spandau","location":"Kinderflohmarkt in der Landstadt Gatow\nAm Flugplatz Gatow, Ansprechpartner: Joachim Wei\u00df, Tel.: 36 80 20 45","tage":"nur 26.04.2014","zeiten":"11:00 - 14:00","betreiber":"","e_mail":"Service.solutions.weiss\u20acgmail.com","www":"","bemerkungen":"Standplatz 7 E"},{"id":"253","bezirk":"Spandau","location":"Nachtmarkt auf der Zitadelle, Am Juliusturm, im Rahmen des Citadell Music Festivals","tage":"nur 24.05. und 06.09.2014","zeiten":"18:00 - 00:00","betreiber":"Stefan Dikkers, \nTel.: 78 09 98 21, Fax: 78 09 98 77","e_mail":"stefan@trinitymusic.de","www":"www.nachtmarkt-berlin.de","bemerkungen":"Eintritt 2 \u20ac"},{"id":"255","bezirk":"Spandau","location":"2. Neuer Antik & Sammlermarkt, Zitadelle Spandau - Italienische H\u00f6fe","tage":"nur 15.11. und 16.11.2014","zeiten":"10:00 - 18:00","betreiber":"Manfred Eckelt, Tel.: 0157\/37 26 99 62","e_mail":"","www":"","bemerkungen":"Eintritt 2,50 \u20ac \/ bis 16 Jahre frei"},{"id":"257","bezirk":"Spandau","location":"Spezialmarkt \u201eWeinSommer\u201c\nMarktplatz","tage":"28.08.2014\n29.08.2014\n30.08.2014\n31.08.2014","zeiten":"\n\n\n\n\n\n\n\n\n\n\n\n\n\n16:00-23:00\n11:00-24:00\n11:00-24:00\n11:00-20:00","betreiber":"das Team, Agentur f\u00fcr Marketing GmbH, Heidesheim\nTel.: 06132\/509 50 21, Fax: 06132\/509 50 55","e_mail":"info@dasteam.de","www":"www.weinsommer.de","bemerkungen":""},{"id":"259","bezirk":"Steglitz-Zehlendorf","location":"Hermann-Ehlers-Platz\nam Rathaus Steglitz","tage":"Di, Sa\nDo","zeiten":"07:00 - 14:00\n07:00 - 18:00","betreiber":"Bezirksamt Steglitz-Zehlendorf von Berlin, Marktverwaltung \nTel.: 90299-38 04, Fax: 90299-33 85","e_mail":"","www":"","bemerkungen":""},{"id":"261","bezirk":"Steglitz-Zehlendorf","location":"Lichterfelde, Kranoldplatz","tage":"Mi,Sa","zeiten":"07:00 - 14:00","betreiber":"Bezirksamt Steglitz-Zehlendorf von Berlin, Marktverwaltung \nTel.: 90299-38 04, Fax: 90299-33 85","e_mail":"","www":"","bemerkungen":""},{"id":"263","bezirk":"Steglitz-Zehlendorf","location":"Rathaus Lankwitz, Leonorenstra\u00dfe","tage":"Mo,Fr","zeiten":"07:00 - 13:00","betreiber":"Bezirksamt Steglitz-Zehlendorf von Berlin, Marktverwaltung \nTel.: 90299-38 04, Fax: 90299-33 85","e_mail":"","www":"","bemerkungen":""},{"id":"265","bezirk":"Steglitz-Zehlendorf","location":"Ludwig-Beck-Platz, Moltkestra\u00dfe","tage":"Fr,Sa","zeiten":"08:00 - 14:00","betreiber":"Bezirksamt Steglitz-Zehlendorf von Berlin, Marktverwaltung \nTel.: 90299-38 04, Fax: 90299-33 85","e_mail":"","www":"","bemerkungen":""},{"id":"267","bezirk":"Steglitz-Zehlendorf","location":"Ferdinandmarkt am Kranoldplatz","tage":"Mi,Sa","zeiten":"07:00 - 14:00","betreiber":"Marktleitung: Thomas Degenhardt \nTel.: 824 20 45, Fax: 824 20 47","e_mail":"","www":"","bemerkungen":""},{"id":"269","bezirk":"Steglitz-Zehlendorf","location":"Andr\u00e9zeile (Ladiusmarkt)","tage":"Sa","zeiten":"08:00 - 13:00","betreiber":"Marktleitung: Metin Sunday\nTel.:03329\/69 72 15, 0172\/390 20 05","e_mail":"","www":"","bemerkungen":""},{"id":"271","bezirk":"Steglitz-Zehlendorf","location":"Zeli - Eck","tage":"Sa","zeiten":"08:00 - 13:00","betreiber":"Marktleitung: Metin Sunday\nTel.:03329\/69 72 15, 0172\/390 20 05","e_mail":"","www":"","bemerkungen":""},{"id":"273","bezirk":"Steglitz-Zehlendorf","location":"Wilhelmplatz","tage":"Fr","zeiten":"13:00 - 18:00","betreiber":"Marktleitung: Metin Sunday\nTel.:03329\/69 72 15, 0172\/390 20 05","e_mail":"","www":"","bemerkungen":""},{"id":"275","bezirk":"Steglitz-Zehlendorf","location":"Matterhornstra\u00dfe","tage":"Di,Fr,Sa\nSo","zeiten":"08:00 - 14:00\n10:00 - 14:00","betreiber":"Marktleitung: Dr. Bernd von Lehmann\nTel.: 80 90 21 91, Fax: 80 90 21 93","e_mail":"","www":"","bemerkungen":""},{"id":"277","bezirk":"Steglitz-Zehlendorf","location":"Kastanienhof (Bauernmarkt)\nClayallee 347","tage":"Sa","zeiten":"08:30 - 14:00","betreiber":"Marktleitung: \u00d6komarkt u. Bauernmarkt \nKlaus D\u00f6rr, Lehrter Str. 18, 10552 Berlin\nTel.: 01577\/893 78 84","e_mail":"","www":"","bemerkungen":""},{"id":"279","bezirk":"Steglitz-Zehlendorf","location":"\u00d6ko - Markt Dom\u00e4ne Dahlem\nK\u00f6nigin-Luise-Str. 49","tage":"Sa","zeiten":"08:00 - 13:00","betreiber":"Marktleitung: Veranstaltungsgesellschaft mbH\nTel.: 66 63 00-0, Fax: 831 63 82","e_mail":"","www":"www.domaene-dahlem.de","bemerkungen":""},{"id":"281","bezirk":"Steglitz-Zehlendorf","location":"Mexikoplatz","tage":"Sa","zeiten":"09:00 - 16:00","betreiber":"Marktleitung: GKS Marktbetriebsgesellschaft GbR\nTel.: 20 45 00 56, Fax: 20 45 00 57","e_mail":"","www":"","bemerkungen":""},{"id":"283","bezirk":"Steglitz-Zehlendorf","location":"Antik und Tr\u00f6delmarkt auf dem Platz des 4. Juli \n(Goerzallee)","tage":"So\nau\u00dfer 31.03., 17. u. 24.11.","zeiten":"08:00 - 16:00","betreiber":"Christian & Kataryna Staak, \nTel.: 80 90 78 92, Fax: 80 90 69 76","e_mail":"","www":"","bemerkungen":"Letzter Termin: 14.12.2014"},{"id":"285","bezirk":"Steglitz-Zehlendorf","location":"Tr\u00f6delmarkt auf dem Hermann-Ehlers-Platz","tage":"So","zeiten":"08:00 - 16:00","betreiber":"Juliane Lessow, Tel.: 796 14 00","e_mail":"","www":"","bemerkungen":""},{"id":"287","bezirk":"Steglitz-Zehlendorf","location":"Antik- und Tr\u00f6delmarkt auf dem OBI-Parkplatz Goerzallee","tage":"So und\nFeiertage","zeiten":"06:00 - 16:00","betreiber":"Marktunternehmen G\u00fcnther Sperlich\nTel. \/ Fax: 033203\/796 94, \n0173\/958 80 12, 0160\/320 05 33","e_mail":"","www":"","bemerkungen":""},{"id":"289","bezirk":"Steglitz-Zehlendorf","location":"Ostermarkt auf dem Ferdinandmarkt\nFerdinandstr. 34\/35","tage":"06.04.2014","zeiten":"11:00 - 18:00","betreiber":"Thomas Degenhardt, Tel.: 824 20 45, Fax: 824 20 47","e_mail":"info@gv.degenhardt.de","www":"www.gv-degenhardt.de","bemerkungen":""},{"id":"291","bezirk":"Steglitz-Zehlendorf","location":"Spezialmarkt \u201e8. WeinSommer im Botanischen Garten\u201c\nK\u00f6nigin-Luise-Str. 6-8","tage":"19.06.2014\n20.06.2014\n21.06.2014\n22.06.2014","zeiten":"16:00-22:00\n14:00-24:00\n12:00-24:00\n12:00-22:00","betreiber":"das Team, Agentur f\u00fcr Marketing GmbH, Heidesheim\nTel.: 06132\/509 50 21, Fax: 06132\/509 50 55","e_mail":"info@dasteam.de","www":"www.weinsommer.de","bemerkungen":""},{"id":"293","bezirk":"Steglitz-Zehlendorf","location":"Berliner Staudenmarkt im Botanischen Garten\nUnter den Eichen 5 sowie K\u00f6nigin-Luise-Str. 6-8","tage":"nur 05.\/06.04.2014\n06.\/07.09.2014","zeiten":"09:00 - 18:00","betreiber":"Veranstalter: G\u00e4rtnerhof GmbH Garten- und Landschaftsbau\nManfred Schmidt \nTel.: 404 90 04, Fax: 404 90 05","e_mail":"office@berliner-staudenmarkt.de","www":"www.gaertnerhof-gmbh.de","bemerkungen":"\nEintritt wie Botanischer Garten\nwww.berliner-staudenmarkt.de"},{"id":"295","bezirk":"Steglitz-Zehlendorf","location":"K\u00fcnstlerstation am Bhf.\nMexikoplatz (Jahrmarkt)","tage":"13.04.2014\n21.09.2014","zeiten":"11:00 - 19:00","betreiber":"Frau Ramona Martin, Tel.: 802 87 79","e_mail":"","www":"","bemerkungen":""},{"id":"297","bezirk":"Steglitz-Zehlendorf","location":"Kinder- und Babybasar Ferdinandmarkt, \nFerdinandstra\u00dfe 34","tage":"30.03., 13.04., 18.05., 15.06., 06.07., 24.08., 21.09., 12.10., 09.11., 07.12.2014","zeiten":"10:00 - 14:00","betreiber":"Tel.: 772 12 68","e_mail":"","www":"","bemerkungen":""},{"id":"299","bezirk":"Steglitz-Zehlendorf","location":"<164 Markt (Verkauf von Kindersachen)\nBreitenbachplatz","tage":"13.04., 11.05., 08.06., 13.07., 10.08., 14.09., 12.10., 09.11.2014","zeiten":"09:00 - 13:00","betreiber":"Fa. MARKTTAG, Tel.: 29 77 99 44","e_mail":"markttag@web.de","www":"","bemerkungen":""},{"id":"301","bezirk":"Steglitz-Zehlendorf","location":"anZiehmarkt (Verkauf von Bekleidung, Schmuck und B\u00fcchern)\nBreitenbachplatz","tage":"20.04., 18.05., 15.06., 20.07., 17.08., 21.09., 19.10., 16.11.2014","zeiten":"10:30 - 15:00","betreiber":"Fa. MARKTTAG, Tel.: 29 77 99 44","e_mail":"markttag@web.de","www":"","bemerkungen":""},{"id":"303","bezirk":"Steglitz-Zehlendorf","location":"Spezialmarkt (Puppen-, Teddyb\u00e4ren-, Miniaturenb\u00f6rse), Best Western Hotel Steglitz, Albrechtstr. 2, 12165 Berlin","tage":"23.03.2014","zeiten":"11:00 - 17:00","betreiber":"Frau Christiane Spies, K\u00f6ln","e_mail":"","www":"","bemerkungen":""},{"id":"305","bezirk":"Steglitz-Zehlendorf","location":"Spezialmarkt (Puppen-, Teddyb\u00e4ren-, Miniaturenb\u00f6rse), Best Western Hotel Steglitz, Albrechtstr. 2, 12165 Berlin","tage":"02.11.2014","zeiten":"11:00 - 17:00","betreiber":"Frau Christiane Spies, K\u00f6ln","e_mail":"","www":"","bemerkungen":""},{"id":"307","bezirk":"Tempelhof-Sch\u00f6neberg","location":"Mariendorfer Damm \/ Prinzenstra\u00dfe","tage":"Mi,Sa","zeiten":"08:00 - 13:00","betreiber":"Bezirksamt Tempelhof-Sch\u00f6neberg von Berlin, Ordnungsamt \nTel.: 90277-68 34, Fax 90277-34 64","e_mail":"","www":"","bemerkungen":""},{"id":"309","bezirk":"Tempelhof-Sch\u00f6neberg","location":"Tirschenreuther Ring\nzwischen Waldsassener und Wiesauer Stra\u00dfe","tage":"Do","zeiten":"12:00 - 17:00","betreiber":"Bezirksamt Tempelhof-Sch\u00f6neberg von Berlin, Ordnungsamt \nTel.: 90277-68 34, Fax 90277-34 64","e_mail":"","www":"","bemerkungen":""},{"id":"311","bezirk":"Tempelhof-Sch\u00f6neberg","location":"Winterfeldtplatz","tage":"Mi\nSa","zeiten":"08:00 - 14:00\n08:00 - 16:00","betreiber":"Bezirksamt Tempelhof-Sch\u00f6neberg von Berlin, Ordnungsamt \nTel.: 90277-68 34, Fax 90277-34 64","e_mail":"","www":"","bemerkungen":""},{"id":"313","bezirk":"Tempelhof-Sch\u00f6neberg","location":"John - F. - Kennedy - Platz","tage":"Di,Fr","zeiten":"08:00 - 13:00","betreiber":"Bezirksamt Tempelhof-Sch\u00f6neberg von Berlin, Ordnungsamt \nTel.: 90277-68 34, Fax 90277-34 64","e_mail":"","www":"","bemerkungen":""},{"id":"315","bezirk":"Tempelhof-Sch\u00f6neberg","location":"Breslauer Platz","tage":"Mi,Sa\nDo","zeiten":"08:00 - 13:00\n12:00 - 17:00","betreiber":"Bezirksamt Tempelhof-Sch\u00f6neberg von Berlin, Ordnungsamt \nTel.: 90277-68 34, Fax 90277-34 64","e_mail":"","www":"","bemerkungen":""},{"id":"317","bezirk":"Tempelhof-Sch\u00f6neberg","location":"Crellestra\u00dfe","tage":"Mi,Sa","zeiten":"10:00 - 15:00","betreiber":"Bezirksamt Tempelhof-Sch\u00f6neberg von Berlin, Ordnungsamt \nTel.: 90277-68 34, Fax 90277-34 64","e_mail":"","www":"","bemerkungen":""},{"id":"319","bezirk":"Tempelhof-Sch\u00f6neberg","location":"Wittenbergplatz (Nordseite)","tage":"Di\nFr","zeiten":"08:00 - 14:00\n08:00 - 16:00","betreiber":"Bezirksamt Tempelhof-Sch\u00f6neberg von Berlin, Ordnungsamt \nTel.: 90277-68 34, Fax 90277-34 64","e_mail":"","www":"","bemerkungen":""},{"id":"321","bezirk":"Tempelhof-Sch\u00f6neberg","location":"Wittenbergplatz (Nordseite)\nBrandenburger Bauernmarkt","tage":"Do","zeiten":"10:00 - 18:00","betreiber":"Marktleitung: B-B-M Veranstaltungs GmbH,\nFrau Bolatzky-Budde, Tel.: 23 63 63 60, Fax: 23 63 63 61","e_mail":"","www":"","bemerkungen":"Sommerzeit\n10:00 - 18:30"},{"id":"323","bezirk":"Tempelhof-Sch\u00f6neberg","location":"Tr\u00f6delmarkt auf dem \nJohn - F. - Kennedy - Platz","tage":"Sa,So","zeiten":"08:00 - 17:00","betreiber":"Herr Thurmann, \nTel.: 03322\/21 08 68 u. 03322\/24 67 24","e_mail":"j.thurmann@tts-wc.de","www":"","bemerkungen":""},{"id":"325","bezirk":"Tempelhof-Sch\u00f6neberg","location":"Tr\u00f6delmarkt Malteserstra\u00dfe\nMalteserstr. 139, Aldi Parkplatz","tage":"So","zeiten":"07:00 - 15:00","betreiber":"Scheele-Markt\nTel.: 711 13 44, 0172\/782 79 27","e_mail":"scheelemarkt@gmx.de","www":"www.scheelemarkt.de","bemerkungen":"ausgenommen Volkstrauertag und Totensonntag"},{"id":"327","bezirk":"Tempelhof-Sch\u00f6neberg","location":"Tr\u00f6delmarkt METRO Marienfelde\nBuckower Chaussee 25-35 Metroparkplatz","tage":"So","zeiten":"09:00 - 15:30","betreiber":"H\u00f6fges Veranstaltungspool GmbH, Krefeld\nTel.: 02151\/659 17 17, Fax: 02151\/659 17 18","e_mail":"","www":"","bemerkungen":"au\u00dfer\n16.11. und 23.11.2014"},{"id":"329","bezirk":"Tempelhof-Sch\u00f6neberg","location":"Flohmarkt Marienfelde, Hornbach-Parkplatz, Gro\u00dfbeerenstr. 133, 12107 Berlin","tage":"So","zeiten":"08:00 - 15:00","betreiber":"Marktleitung: Flohm\u00e4rkte bei Hornbach GmbH, Tel.: 50 34 99 64","e_mail":"info@flohmarkt-hornbach.de","www":"www.flohmarkt-marienfelde.de","bemerkungen":""},{"id":"331","bezirk":"Tempelhof-Sch\u00f6neberg","location":"Kinder- und Babytr\u00f6del\nKiezoase Sch\u00f6neberg, \nK.-Schrader-Str. 7-8","tage":"nur 05.04. und 14.06.2014","zeiten":"14:00 - 17:00","betreiber":"Kiezoase Sch\u00f6neberg, Tel.: 21 73 02 07","e_mail":"b65@kiezoase.de","www":"www.kiezoase.de","bemerkungen":"buero@kiezoase.de"},{"id":"333","bezirk":"Treptow-K\u00f6penick","location":"B\u00f6lschestra\u00dfe","tage":"Mo,Mi,Fr\nSa","zeiten":"10:00 - 17:00\n09:00 - 13:00","betreiber":"Marktleitung: Herr Hirche\nTel.: 0334\/397 79 79,  0172\/309 49 77,\nFax: 0334\/397 79 80","e_mail":"markt-hirche@web.de","www":"","bemerkungen":""},{"id":"335","bezirk":"Treptow-K\u00f6penick","location":"D\u00f6rpfeldstra\u00dfe","tage":"Mi,Do","zeiten":"09:00 - 17:00","betreiber":"Marktleitung: \nAndr\u00e9 Berndt, Tel.: 0172\/384 09 54","e_mail":"","www":"","bemerkungen":""},{"id":"337","bezirk":"Treptow-K\u00f6penick","location":"Griechische Allee","tage":"Do","zeiten":"10:00 - 17:00","betreiber":"Marktleitung: Herr Hirche\nTel.: 0334\/397 79 79,  0172\/309 49 77,\nFax: 0334\/397 79 80","e_mail":"","www":"","bemerkungen":""},{"id":"339","bezirk":"Treptow-K\u00f6penick","location":"Am S-Bhf. K\u00f6penick\nElcknerplatz","tage":"Mo - Fr\nSa","zeiten":"09:00 - 18:00\n09:00 - 16:00","betreiber":"Marktleitung: Marktverwaltung Rainer Perske\nTel.: 29 77 24 86, Fax: 29 77 25 91","e_mail":"info@mv-perske.de","www":"www.mv-perske.de","bemerkungen":""},{"id":"341","bezirk":"Treptow-K\u00f6penick","location":"Schlossplatz Alt-K\u00f6penick","tage":"Di,Do","zeiten":"08:30 - 17:00","betreiber":"Marktleitung: Deutsche Marktgilde eG, Niederlassung Dresden,\nTel.: 02774\/914 32 00","e_mail":"b.weigel@marktgilde.de","www":"","bemerkungen":""},{"id":"343","bezirk":"Treptow-K\u00f6penick","location":"Dammweg","tage":"Mo - Fr\nSa","zeiten":"08:00 - 18:30\n08:00 - 13:00","betreiber":"Marktleitung: Hatice Bayrak\nTel.: 0173\/410 12 31, 25 29 70 07","e_mail":"","www":"","bemerkungen":""},{"id":"345","bezirk":"Treptow-K\u00f6penick","location":"Kunst- und Tr\u00f6delmarkt \nam S-Bhf. Friedrichshagen","tage":"So","zeiten":"08:00 - 16:00","betreiber":"Oldthing Marktveranstaltung\nTel.: 29 00 20 10","e_mail":"info@oldthing.de","www":"www.oldthing.de","bemerkungen":""},{"id":"347","bezirk":"Treptow-K\u00f6penick","location":"Flohmarkt Sch\u00f6nefeld, Gr\u00fcnbergallee 279, Hornbach-Parkplatz","tage":"So","zeiten":"08:00 - 16:00","betreiber":"Marktleitung: Flohm\u00e4rkte bei Hornbach GmbH, Tel.: 50 34 99 64","e_mail":"info@flohmarkt-hornbach.de","www":"www.flohmarkt-marienfelde.de","bemerkungen":""},{"id":"349","bezirk":"Treptow-K\u00f6penick","location":"Treptower Hallentr\u00f6delmarkt, \nEichenstr. 4","tage":"Sa,So","zeiten":"10:00 - 16:00","betreiber":"Herr Schneider, Tel.: 0172\/303 57 75","e_mail":"","www":"","bemerkungen":"Neben der Arena"},{"id":"351","bezirk":"Treptow-K\u00f6penick","location":"Tr\u00f6delmarkt OBI Adlershof, \nAdlergestell 303","tage":"So\nau\u00dfer 14.04., 05.05., 08.09.,22.09.\n20.10., 03.11.,\n17.11., 24.11.,\n08.12., 22.12.","zeiten":"07:00 - 15:30","betreiber":"H\u00f6fges Veranstaltungspool GmbH, Krefeld\nTel.: 02151\/659 17 17, Fax: 02151\/659 17 18","e_mail":"","www":"","bemerkungen":"Parkplatz OBI, au\u00dfer 09.03., 06.04., 04.05., 01.06., 07.09., 05.10., 09.11., 16.11., 23.11., 07.12., 21.12.2014"}],"item":[]}